,participant,mutation,year,vaf
0,LBC360072,SF3B1 c.2098A>G,70,0.0024
1,LBC360072,SF3B1 c.2098A>G,73,0.0027
2,LBC360072,SF3B1 c.2098A>G,76,0.0007
3,LBC360072,SF3B1 c.2098A>G,79,0.0252
4,LBC360072,TET2 c.1505del,70,0.1205
5,LBC360072,TET2 c.1505del,73,0.1459
6,LBC360072,TET2 c.1505del,76,0.1661
7,LBC360072,TET2 c.1505del,79,0.2677
8,LBC0165A,DNMT3A c.1969G>A,79,0.0254
9,LBC0165A,DNMT3A c.1969G>A,85,0.0421
10,LBC0165A,DNMT3A c.1969G>A,88,0.0497
11,LBC0165A,ASXL1 c.2419G>A,79,0.0608
12,LBC0165A,ASXL1 c.2419G>A,85,0.0513
13,LBC0165A,ASXL1 c.2419G>A,88,0.0444
14,LBC361172,DNMT3A c.2083-2A>G,70,0.0287
15,LBC361172,DNMT3A c.2083-2A>G,73,0.0456
16,LBC361172,DNMT3A c.2083-2A>G,76,0.0418
17,LBC0046H,CDKN2A c.83T>G,79,0.0082
18,LBC0046H,CDKN2A c.83T>G,85,0.0238
19,LBC0046H,CDKN2A c.83T>G,88,0.0141
20,LBC0046H,CDKN2A c.83T>G,91,0.0196
21,LBC0046H,CUX1 c.1756A>C,85,0.0058
22,LBC0046H,CUX1 c.1756A>C,88,0.0038
23,LBC0046H,CUX1 c.1756A>C,91,0.0136
24,LBC360843,NOTCH1 c.4598A>C,70,0.0084
25,LBC360843,NOTCH1 c.4598A>C,73,0.0105
26,LBC360843,NOTCH1 c.4598A>C,79,0.0153
27,LBC360843,NOTCH1 c.4598A>C,82,0.0225
28,LBC0176A,ASXL1 c.1900_1922del,79,0.0031
29,LBC0176A,ASXL1 c.1900_1922del,85,0.0237
30,LBC0176A,ASXL1 c.1900_1922del,88,0.0497
31,LBC0176A,ASXL1 c.1900_1922del,91,0.0587
32,LBC360508,DNMT3A c.1605del,70,0.091
33,LBC360508,DNMT3A c.1605del,73,0.15
34,LBC360508,DNMT3A c.1605del,76,0.1888
35,LBC360508,DNMT3A c.1605del,79,0.2581
36,LBC360508,TET2 c.457dup,70,0.0293
37,LBC360508,TET2 c.457dup,73,0.0407
38,LBC360508,TET2 c.457dup,76,0.04
39,LBC360508,TET2 c.457dup,79,0.0414
40,LBC360508,LUC7L2 c.279del,70,0.0029
41,LBC360508,LUC7L2 c.279del,73,0.0078
42,LBC360508,LUC7L2 c.279del,76,0.0128
43,LBC360508,LUC7L2 c.279del,79,0.0193
44,LBC361122,LUC7L2 c.157A>G,73,0.0065
45,LBC361122,LUC7L2 c.157A>G,76,0.0052
46,LBC361122,LUC7L2 c.157A>G,79,0.0176
47,LBC360636,DNMT3A c.976C>G,70,0.149
48,LBC360636,DNMT3A c.976C>G,73,0.2133
49,LBC360636,DNMT3A c.976C>G,76,0.28
50,LBC360636,JAK2 c.1849G>T,70,0.0503
51,LBC360636,JAK2 c.1849G>T,73,0.0792
52,LBC360636,JAK2 c.1849G>T,76,0.0603
53,LBC360636,DNMT3A c.2204A>G,70,0.0036
54,LBC360636,DNMT3A c.2204A>G,73,0.0076
55,LBC360636,DNMT3A c.2204A>G,76,0.0176
56,LBC0152W,JAK3 c.2490+7T>G,79,0.0294
57,LBC0152W,JAK3 c.2490+7T>G,85,0.0446
58,LBC0152W,JAK3 c.2490+7T>G,88,0.0342
59,LBC0152W,JAK3 c.2490+7T>G,91,0.0436
60,LBC360283,DNMT3A c.1878_1884del,70,0.122
61,LBC360283,DNMT3A c.1878_1884del,73,0.1069
62,LBC360283,DNMT3A c.1878_1884del,76,0.0894
63,LBC361214,TP53 c.818G>A,70,0.001
64,LBC361214,TP53 c.818G>A,73,0.004
65,LBC361214,TP53 c.818G>A,76,0.0105
66,LBC361214,TP53 c.818G>A,79,0.015
67,LBC361214,DNMT3A c.2206C>T,70,0.0629
68,LBC361214,DNMT3A c.2206C>T,73,0.0753
69,LBC361214,DNMT3A c.2206C>T,76,0.0959
70,LBC361214,DNMT3A c.2206C>T,79,0.0853
71,LBC361214,NF1 c.2033del,70,0.0
72,LBC361214,NF1 c.2033del,73,0.004
73,LBC361214,NF1 c.2033del,76,0.0068
74,LBC361214,NF1 c.2033del,79,0.0123
75,LBC361214,NPM1 c.847-4C>T,70,0.0088
76,LBC361214,NPM1 c.847-4C>T,73,0.0058
77,LBC361214,NPM1 c.847-4C>T,76,0.0073
78,LBC361214,NPM1 c.847-4C>T,79,0.0179
79,LBC0118V,RAD21 c.829A>T,85,0.0062
80,LBC0118V,RAD21 c.829A>T,88,0.0078
81,LBC0118V,RAD21 c.829A>T,91,0.0171
82,LBC0118V,ASXL1 c.2773C>T,85,0.007
83,LBC0118V,ASXL1 c.2773C>T,88,0.0179
84,LBC0118V,ASXL1 c.2773C>T,91,0.026
85,LBC0118V,BCORL1 c.1493A>C,85,0.0057
86,LBC0118V,BCORL1 c.1493A>C,88,0.0061
87,LBC0118V,BCORL1 c.1493A>C,91,0.0159
88,LBC360231,NPM1 c.847-4C>T,70,0.0115
89,LBC360231,NPM1 c.847-4C>T,73,0.0072
90,LBC360231,NPM1 c.847-4C>T,76,0.0196
91,LBC360231,DNMT3A c.1852-1G>A,70,0.2749
92,LBC360231,DNMT3A c.1852-1G>A,73,0.2833
93,LBC360231,DNMT3A c.1852-1G>A,76,0.2957
94,LBC360453,LUC7L2 c.32T>C,70,0.0052
95,LBC360453,LUC7L2 c.32T>C,73,0.0089
96,LBC360453,LUC7L2 c.32T>C,79,0.0159
97,LBC360453,DNMT3A c.2322+1G>A,70,0.1015
98,LBC360453,DNMT3A c.2322+1G>A,73,0.134
99,LBC360453,DNMT3A c.2322+1G>A,76,0.143
100,LBC360453,DNMT3A c.2322+1G>A,79,0.1588
101,LBC360898,CDKN2A c.92T>G,70,0.014
102,LBC360898,CDKN2A c.92T>G,73,0.0097
103,LBC360898,CDKN2A c.92T>G,76,0.0068
104,LBC360898,CDKN2A c.92T>G,79,0.0187
105,LBC361225,DNMT3A c.1056_1057del,70,0.2383
106,LBC361225,DNMT3A c.1056_1057del,73,0.2526
107,LBC361225,DNMT3A c.1056_1057del,76,0.2758
108,LBC361225,DNMT3A c.1056_1057del,79,0.3156
109,LBC361225,RUNX1 c.1252A>G,70,0.0173
110,LBC361225,RUNX1 c.1252A>G,73,0.025
111,LBC361225,RUNX1 c.1252A>G,76,0.0181
112,LBC361225,RUNX1 c.1252A>G,79,0.0309
113,LBC360549,GATA2 c.1186C>T,70,0.0072
114,LBC360549,GATA2 c.1186C>T,73,0.0102
115,LBC360549,GATA2 c.1186C>T,76,0.0187
116,LBC360549,GATA2 c.1186C>T,79,0.039
117,LBC360549,DNMT3A c.1677C>A,70,0.2957
118,LBC360549,DNMT3A c.1677C>A,73,0.2741
119,LBC360549,DNMT3A c.1677C>A,76,0.3467
120,LBC360549,DNMT3A c.1677C>A,79,0.3837
121,LBC360549,DNMT3A c.2312G>A,70,0.3146
122,LBC360549,DNMT3A c.2312G>A,73,0.3119
123,LBC360549,DNMT3A c.2312G>A,76,0.3205
124,LBC360549,DNMT3A c.2312G>A,79,0.3827
125,LBC0293E,DNMT3A c.1510dup,79,0.0857
126,LBC0293E,DNMT3A c.1510dup,85,0.1126
127,LBC0293E,DNMT3A c.1510dup,88,0.108
128,LBC0293E,TET2 c.1648C>T,79,0.0673
129,LBC0293E,TET2 c.1648C>T,85,0.0949
130,LBC0293E,TET2 c.1648C>T,88,0.1156
131,LBC0293E,DNMT3A c.2230A>T,79,0.0646
132,LBC0293E,DNMT3A c.2230A>T,85,0.0862
133,LBC0293E,DNMT3A c.2230A>T,88,0.1097
134,LBC0031R,U2AF1 c.279T>G,85,0.0053
135,LBC0031R,U2AF1 c.279T>G,88,0.0059
136,LBC0031R,U2AF1 c.279T>G,91,0.0132
137,LBC0031R,U2AF2 c.1010T>G,85,0.0056
138,LBC0031R,U2AF2 c.1010T>G,88,0.0108
139,LBC0031R,U2AF2 c.1010T>G,91,0.0152
140,LBC360104,DNMT3A c.1156del,70,0.0085
141,LBC360104,DNMT3A c.1156del,73,0.0093
142,LBC360104,DNMT3A c.1156del,76,0.0108
143,LBC360104,DNMT3A c.1156del,79,0.0198
144,LBC360104,ASXL1 c.2329G>T,70,0.0113
145,LBC360104,ASXL1 c.2329G>T,73,0.0145
146,LBC360104,ASXL1 c.2329G>T,76,0.0121
147,LBC360104,ASXL1 c.2329G>T,79,0.0191
148,LBC360754,TP53 c.757_758dup,70,0.0077
149,LBC360754,TP53 c.757_758dup,73,0.0108
150,LBC360754,TP53 c.757_758dup,76,0.0152
151,LBC360754,DNMT3A c.2478+1G>T,70,0.3091
152,LBC360754,DNMT3A c.2478+1G>T,73,0.3435
153,LBC360754,DNMT3A c.2478+1G>T,76,0.3876
154,LBC0464X,DNMT3A c.2173+1G>A,79,0.017
155,LBC0464X,DNMT3A c.2173+1G>A,85,0.0362
156,LBC0464X,DNMT3A c.2173+1G>A,88,0.0439
157,LBC0464X,DNMT3A c.2173+1G>A,91,0.0449
158,LBC0220K,SF3B1 c.2445del,79,0.005
159,LBC0220K,SF3B1 c.2445del,85,0.0069
160,LBC0220K,SF3B1 c.2445del,88,0.0167
161,LBC0220K,ZRSR2 c.1076_1080inv,79,0.0063
162,LBC0220K,ZRSR2 c.1076_1080inv,85,0.013
163,LBC0220K,ZRSR2 c.1076_1080inv,88,0.017
164,LBC360919,DNMT3A c.924_925dup,70,0.3411
165,LBC360919,DNMT3A c.924_925dup,73,0.3469
166,LBC360919,DNMT3A c.924_925dup,76,0.3874
167,LBC360919,DNMT3A c.924_925dup,79,0.3911
168,LBC360109,JAK2 c.1849G>T,70,0.173
169,LBC360109,JAK2 c.1849G>T,73,0.2405
170,LBC360109,JAK2 c.1849G>T,76,0.3028
171,LBC360109,JAK2 c.1849G>T,79,0.2908
172,LBC360725,STAG2 c.1022G>T,70,0.0022
173,LBC360725,STAG2 c.1022G>T,73,0.0021
174,LBC360725,STAG2 c.1022G>T,76,0.0081
175,LBC360725,STAG2 c.1022G>T,79,0.0132
176,LBC0461R,JAK3 c.2443A>C,85,0.0092
177,LBC0461R,JAK3 c.2443A>C,88,0.0188
178,LBC0461R,JAK3 c.2443A>C,91,0.0176
179,LBC0591L,TET2 c.2746C>T,79,0.0399
180,LBC0591L,TET2 c.2746C>T,85,0.054
181,LBC0591L,TET2 c.2746C>T,88,0.0464
182,LBC0591L,TET2 c.2552del,79,0.0676
183,LBC0591L,TET2 c.2552del,85,0.0962
184,LBC0591L,TET2 c.2552del,88,0.1312
185,LBC361006,DNMT3A c.2016_2029del,70,0.2228
186,LBC361006,DNMT3A c.2016_2029del,73,0.2179
187,LBC361006,DNMT3A c.2016_2029del,76,0.2077
188,LBC361006,DNMT3A c.2016_2029del,79,0.1528
189,LBC361006,DNMT3A c.2045dup,70,0.0395
190,LBC361006,DNMT3A c.2045dup,73,0.0467
191,LBC361006,DNMT3A c.2045dup,76,0.0388
192,LBC361006,DNMT3A c.2045dup,79,0.0327
193,LBC0517V,TET2 c.1742G>A,79,0.0021
194,LBC0517V,TET2 c.1742G>A,85,0.0109
195,LBC0517V,TET2 c.1742G>A,88,0.03
196,LBC0517V,TET2 c.1742G>A,91,0.0311
197,LBC0263L,PPM1D c.1602del,85,0.0057
198,LBC0263L,PPM1D c.1602del,88,0.0105
199,LBC0263L,PPM1D c.1602del,91,0.0132
200,LBC0263L,KDM6A c.3704A>C,79,0.0026
201,LBC0263L,KDM6A c.3704A>C,85,0.0051
202,LBC0263L,KDM6A c.3704A>C,88,0.0128
203,LBC0588E,NF1 c.2033del,79,0.0024
204,LBC0588E,NF1 c.2033del,85,0.0078
205,LBC0588E,NF1 c.2033del,88,0.0033
206,LBC0588E,NF1 c.2033del,91,0.0165
207,LBC0588E,U2AF1 c.279T>G,79,0.0059
208,LBC0588E,U2AF1 c.279T>G,85,0.0064
209,LBC0588E,U2AF1 c.279T>G,88,0.0124
210,LBC0588E,U2AF1 c.279T>G,91,0.0201
211,LBC360702,JAK2 c.1849G>T,70,0.1736
212,LBC360702,JAK2 c.1849G>T,73,0.2634
213,LBC360702,JAK2 c.1849G>T,76,0.3175
214,LBC360702,JAK2 c.1849G>T,79,0.3307
215,LBC0065A,SF3B1 c.1996A>C,79,0.0
216,LBC0065A,SF3B1 c.1996A>C,85,0.0
217,LBC0065A,SF3B1 c.1996A>C,88,0.0019
218,LBC0065A,SF3B1 c.1996A>C,91,0.0108
219,LBC360356,DNMT3A c.1601del,70,0.1109
220,LBC360356,DNMT3A c.1601del,73,0.1084
221,LBC360356,DNMT3A c.1601del,76,0.107
222,LBC360356,DNMT3A c.1601del,79,0.1258
223,LBC0392K,DNMT3A c.291T>G,85,0.0066
224,LBC0392K,DNMT3A c.291T>G,88,0.0063
225,LBC0392K,DNMT3A c.291T>G,91,0.0139
226,LBC0392K,KDM6A c.-149T>G,79,0.0079
227,LBC0392K,KDM6A c.-149T>G,85,0.0082
228,LBC0392K,KDM6A c.-149T>G,88,0.0146
229,LBC0392K,KDM6A c.-149T>G,91,0.0177
230,LBC0392K,KMT2A c.7106A>C,85,0.0072
231,LBC0392K,KMT2A c.7106A>C,88,0.0112
232,LBC0392K,KMT2A c.7106A>C,91,0.0148
233,LBC0392K,TET2 c.2339_2340del,79,0.0156
234,LBC0392K,TET2 c.2339_2340del,85,0.023
235,LBC0392K,TET2 c.2339_2340del,88,0.0261
236,LBC0392K,TET2 c.2339_2340del,91,0.0261
237,LBC360181,TET2 c.1102del,70,0.141
238,LBC360181,TET2 c.1102del,73,0.1857
239,LBC360181,TET2 c.1102del,76,0.2521
240,LBC360181,TET2 c.1102del,79,0.3441
241,LBC360658,DNMT3A c.1429+1G>C,70,0.0295
242,LBC360658,DNMT3A c.1429+1G>C,73,0.0239
243,LBC360658,DNMT3A c.1429+1G>C,76,0.031
244,LBC360658,KRAS c.436G>C,70,0.006
245,LBC360658,KRAS c.436G>C,73,0.008
246,LBC360658,KRAS c.436G>C,76,0.0205
247,LBC360658,TP53 c.711G>A,70,0.0063
248,LBC360658,TP53 c.711G>A,73,0.0078
249,LBC360658,TP53 c.711G>A,76,0.015
250,LBC0439R,U2AF2 c.1010T>G,85,0.0057
251,LBC0439R,U2AF2 c.1010T>G,88,0.0067
252,LBC0439R,U2AF2 c.1010T>G,91,0.0142
253,LBC0111B,JAK2 c.1849G>T,79,0.1441
254,LBC0111B,JAK2 c.1849G>T,85,0.2668
255,LBC0111B,JAK2 c.1849G>T,88,0.2776
256,LBC360790,CDKN2A c.92T>G,70,0.0075
257,LBC360790,CDKN2A c.92T>G,76,0.0098
258,LBC360790,CDKN2A c.92T>G,79,0.0206
259,LBC360790,NF1 c.29T>G,70,0.0053
260,LBC360790,NF1 c.29T>G,76,0.0074
261,LBC360790,NF1 c.29T>G,79,0.0146
262,LBC360790,SRSF2 c.348A>C,70,0.0056
263,LBC360790,SRSF2 c.348A>C,76,0.0062
264,LBC360790,SRSF2 c.348A>C,79,0.0161
265,LBC360790,DNMT3A c.2256_2257del,70,0.2541
266,LBC360790,DNMT3A c.2256_2257del,76,0.2718
267,LBC360790,DNMT3A c.2256_2257del,79,0.3103
268,LBC360790,PPM1D c.1338del,70,0.0507
269,LBC360790,PPM1D c.1338del,76,0.1289
270,LBC360790,PPM1D c.1338del,79,0.1857
271,LBC360790,KDM6A c.112T>G,70,0.0079
272,LBC360790,KDM6A c.112T>G,76,0.0062
273,LBC360790,KDM6A c.112T>G,79,0.0171
274,LBC360458,DNMT3A c.1554+1G>A,70,0.0932
275,LBC360458,DNMT3A c.1554+1G>A,73,0.0938
276,LBC360458,DNMT3A c.1554+1G>A,76,0.0832
277,LBC360458,DNMT3A c.1554+1G>A,79,0.0824
278,LBC0405M,STAG2 c.2725C>T,79,0.0043
279,LBC0405M,STAG2 c.2725C>T,85,0.0064
280,LBC0405M,STAG2 c.2725C>T,88,0.0165
281,LBC0405M,STAG2 c.2725C>T,91,0.0221
282,LBC360021,TP53 c.772G>A,70,0.0006
283,LBC360021,TP53 c.772G>A,73,0.0006
284,LBC360021,TP53 c.772G>A,76,0.0011
285,LBC360021,TP53 c.772G>A,79,0.0217
286,LBC360021,SF3B1 c.2225G>A,70,0.0007
287,LBC360021,SF3B1 c.2225G>A,73,0.0005
288,LBC360021,SF3B1 c.2225G>A,76,0.0005
289,LBC360021,SF3B1 c.2225G>A,79,0.0816
290,LBC360021,JAK2 c.1849G>T,70,0.14
291,LBC360021,JAK2 c.1849G>T,73,0.3118
292,LBC360021,JAK2 c.1849G>T,76,0.4996
293,LBC360021,JAK2 c.1849G>T,79,0.352
294,LBC0242M,DDX41 c.138+2T>G,85,0.0108
295,LBC0242M,DDX41 c.138+2T>G,88,0.0231
296,LBC0242M,DDX41 c.138+2T>G,91,0.0193
297,LBC0242M,KMT2A c.2318del,79,0.0038
298,LBC0242M,KMT2A c.2318del,85,0.0068
299,LBC0242M,KMT2A c.2318del,88,0.0055
300,LBC0242M,KMT2A c.2318del,91,0.0153
301,LBC0242M,RAD21 c.419_421dup,79,0.0072
302,LBC0242M,RAD21 c.419_421dup,85,0.011
303,LBC0242M,RAD21 c.419_421dup,88,0.0258
304,LBC0242M,RAD21 c.419_421dup,91,0.0261
305,LBC0251K,NPM1 c.847-4C>T,79,0.0085
306,LBC0251K,NPM1 c.847-4C>T,85,0.0123
307,LBC0251K,NPM1 c.847-4C>T,88,0.0169
308,LBC0251K,TET2 c.936dup,79,0.0029
309,LBC0251K,TET2 c.936dup,85,0.0573
310,LBC0251K,TET2 c.936dup,88,0.1301
311,LBC0251K,U2AF1 c.470A>G,79,0.002
312,LBC0251K,U2AF1 c.470A>G,85,0.0076
313,LBC0251K,U2AF1 c.470A>G,88,0.0185
314,LBC360908,TET2 c.1693dup,70,0.023
315,LBC360908,TET2 c.1693dup,73,0.0275
316,LBC360908,TET2 c.1693dup,76,0.0388
317,LBC360908,TET2 c.1693dup,79,0.0377
318,LBC360908,TET2 c.1694T>C,70,0.0251
319,LBC360908,TET2 c.1694T>C,73,0.0287
320,LBC360908,TET2 c.1694T>C,76,0.0389
321,LBC360908,TET2 c.1694T>C,79,0.0378
322,LBC360666,DNMT3A c.2330C>G,70,0.0034
323,LBC360666,DNMT3A c.2330C>G,76,0.0135
324,LBC360666,DNMT3A c.2330C>G,79,0.0186
325,LBC360666,TET2 c.2255_2261del,70,0.0904
326,LBC360666,TET2 c.2255_2261del,76,0.1241
327,LBC360666,TET2 c.2255_2261del,79,0.1483
328,LBC360666,DNMT3A c.1648G>A,70,0.009
329,LBC360666,DNMT3A c.1648G>A,76,0.0163
330,LBC360666,DNMT3A c.1648G>A,79,0.0237
331,LBC0516R,CBL c.1139T>C,79,0.0378
332,LBC0516R,CBL c.1139T>C,85,0.04
333,LBC0516R,CBL c.1139T>C,88,0.0256
334,LBC0516R,CBL c.1139T>C,91,0.0308
335,LBC360914,EZH2 c.1328C>A,73,0.0082
336,LBC360914,EZH2 c.1328C>A,76,0.0086
337,LBC360914,EZH2 c.1328C>A,79,0.0232
338,LBC360914,KDM6A c.887G>T,70,0.0049
339,LBC360914,KDM6A c.887G>T,73,0.0084
340,LBC360914,KDM6A c.887G>T,76,0.0124
341,LBC360914,KDM6A c.887G>T,79,0.0145
342,LBC360914,DNMT3A c.2203T>A,70,0.1032
343,LBC360914,DNMT3A c.2203T>A,73,0.1262
344,LBC360914,DNMT3A c.2203T>A,76,0.1743
345,LBC360914,DNMT3A c.2203T>A,79,0.1945
346,LBC360212,DNMT3A c.1639C>T,70,0.2767
347,LBC360212,DNMT3A c.1639C>T,73,0.2879
348,LBC360212,DNMT3A c.1639C>T,76,0.2996
349,LBC360212,DNMT3A c.1639C>T,79,0.2954
350,LBC0001A,TET2 c.2290dup,79,0.0041
351,LBC0001A,TET2 c.2290dup,85,0.1061
352,LBC0001A,TET2 c.2290dup,88,0.107
353,LBC0446H,RAD21 c.815-6_815-5inv,85,0.0057
354,LBC0446H,RAD21 c.815-6_815-5inv,88,0.0043
355,LBC0446H,RAD21 c.815-6_815-5inv,91,0.0144
356,LBC0446H,DNMT3A c.2060T>A,79,0.0662
357,LBC0446H,DNMT3A c.2060T>A,85,0.0648
358,LBC0446H,DNMT3A c.2060T>A,88,0.0618
359,LBC0446H,DNMT3A c.2060T>A,91,0.0711
360,LBC0446H,KMT2A c.7106A>C,79,0.0042
361,LBC0446H,KMT2A c.7106A>C,85,0.0035
362,LBC0446H,KMT2A c.7106A>C,88,0.0101
363,LBC0446H,KMT2A c.7106A>C,91,0.0186
